{
"lengthUnit": "mil",
"components": {
	"fields": ["COMPONENT_NO", "COMPONENT_NAME", "LAYER", "X_COORDINATE", "Y_COORDINATE", "ANGLE"],
	"rows": [
		[1, "C1", "B", 2175, -2820, 0],
		[2, "Q1", "B", 2020, -2850, 90],
		[3, "R1", "B", 1980, -2730, 180],
		[4, "R2", "B", 2340, -2305, 247.5],
		[5, "R3", "B", 1900, -3250, 247.5],
		[6, "R4", "B", 2590, -2965, 337.5],
		[7, "R5", "B", 2590, -2585, 202.5],
		[8, "R6", "B", 2300, -3255, 295.5],
		[9, "R7", "B", 1940, -2280, 115.5],
		[10, "R8", "B", 1620, -2970, 22.5],
		[11, "R9", "B", 1625, -2565, 157.5],
		[12, "U1", "B", 2150, -2685, 180],
		[13, "U2", "T", 2575, -1725, 67.5],
		[14, "U3", "T", 1660, -3830, 247.5],
		[15, "U4", "T", 3165, -3205, 337.5],
		[16, "U5", "T", 3170, -2345, 22.5],
		[17, "U6", "T", 2570, -3820, 295.5],
		[18, "U7", "T", 1670, -1715, 115.5],
		[19, "U8", "T", 1045, -3215, 202.5],
		[20, "U9", "T", 1045, -2330, 157.5],
		[21, "PAD1", "B", 2295, -2495, 0],
		[22, "PAD2", "B", 1975, -2495, 0]
	]
},
"pins": {
	"fields": ["PIN_NO", "PIN_NAME", "PIN_X", "PIN_Y", "LAYER", "PIN_TYPE", "NET_NAME", "NET_TYPE", "PAD_SHAPE", "PAD_SIZEX", "PAD_SIZEY", "HOLE_SIZE", "PAD_ANGLE"],
	"rows": [
		[1, "C1_1", 2147.44, -2820, "B", "SMD", "GND", "GND", "R", 31.5, 35.43, 0, 0],
		[2, "C1_2", 2202.56, -2820, "B", "SMD", "VIN", "", "R", 31.5, 35.43, 0, 0],
		[3, "Q1_1", 1982.6, -2810.63, "B", "SMD", "$1N397", "", "R", 49.21, 27.56, 0, 90],
		[4, "Q1_2", 2057.4, -2810.63, "B", "SMD", "GND", "GND", "R", 49.21, 27.56, 0, 90],
		[5, "Q1_3", 2020, -2889.37, "B", "SMD", "$1N775", "", "R", 49.21, 27.56, 0, 90],
		[6, "R1_1", 2009.66, -2730, "B", "SMD", "$1N398", "", "R", 31.75, 34.02, 0, 180],
		[7, "R1_2", 1950.34, -2730, "B", "SMD", "$1N397", "", "R", 31.75, 34.02, 0, 180],
		[8, "R2_1", 2351.35, -2277.6, "B", "SMD", "$1N400", "", "R", 31.75, 34.02, 0, 247.5],
		[9, "R2_2", 2328.65, -2332.4, "B", "SMD", "$1N775", "", "R", 31.75, 34.02, 0, 247.5],
		[10, "R3_1", 1911.35, -3222.6, "B", "SMD", "$1N775", "", "R", 31.75, 34.02, 0, 247.5],
		[11, "R3_2", 1888.65, -3277.4, "B", "SMD", "$1N401", "", "R", 31.75, 34.02, 0, 247.5],
		[12, "R4_1", 2562.6, -2953.65, "B", "SMD", "$1N775", "", "R", 31.75, 34.02, 0, 337.5],
		[13, "R4_2", 2617.4, -2976.35, "B", "SMD", "$1N402", "", "R", 31.75, 34.02, 0, 337.5],
		[14, "R5_1", 2617.4, -2573.65, "B", "SMD", "$1N798", "", "R", 31.75, 34.02, 0, 202.5],
		[15, "R5_2", 2562.6, -2596.35, "B", "SMD", "$1N775", "", "R", 31.75, 34.02, 0, 202.5],
		[16, "R6_1", 2287.23, -3228.23, "B", "SMD", "$1N775", "", "R", 31.75, 34.02, 0, 295.5],
		[17, "R6_2", 2312.77, -3281.77, "B", "SMD", "$1N795", "", "R", 31.75, 34.02, 0, 295.5],
		[18, "R7_1", 1952.77, -2306.77, "B", "SMD", "$1N775", "", "R", 31.75, 34.02, 0, 115.5],
		[19, "R7_2", 1927.23, -2253.23, "B", "SMD", "$1N792", "", "R", 31.75, 34.02, 0, 115.5],
		[20, "R8_1", 1592.6, -2981.35, "B", "SMD", "$1N789", "", "R", 31.75, 34.02, 0, 22.5],
		[21, "R8_2", 1647.4, -2958.65, "B", "SMD", "$1N775", "", "R", 31.75, 34.02, 0, 22.5],
		[22, "R9_1", 1652.4, -2576.35, "B", "SMD", "$1N775", "", "R", 31.75, 34.02, 0, 157.5],
		[23, "R9_2", 1597.6, -2553.65, "B", "SMD", "$1N786", "", "R", 31.75, 34.02, 0, 157.5],
		[24, "U1_1", 2096.85, -2722.4, "B", "SMD", "$1N398", "", "R", 43.31, 23.62, 0, 180],
		[25, "U1_2", 2096.85, -2685, "B", "SMD", "GND", "GND", "R", 43.31, 23.62, 0, 180],
		[26, "U1_3", 2096.85, -2647.6, "B", "SMD", "TOUCH", "", "R", 43.31, 23.62, 0, 180],
		[27, "U1_4", 2203.15, -2647.6, "B", "SMD", "GND", "GND", "R", 43.31, 23.62, 0, 180],
		[28, "U1_5", 2203.15, -2685, "B", "SMD", "VIN", "", "R", 43.31, 23.62, 0, 180],
		[29, "U1_6", 2203.15, -2722.4, "B", "SMD", "VIN", "", "R", 43.31, 23.62, 0, 180],
		[30, "U2_1", 2386.36, -2193.47, "B", "SMD", "$1N400", "", "O", 78.74, 55.12, 0, 67.5],
		[31, "U2_2", 2778.61, -1246.5, "B", "SMD", "VIN", "", "O", 78.74, 55.12, 0, 67.5],
		[32, "U3_1", 1848.64, -3361.53, "B", "SMD", "$1N401", "", "O", 78.74, 55.12, 0, 247.5],
		[33, "U3_2", 1456.39, -4308.5, "B", "SMD", "VIN", "", "O", 78.74, 55.12, 0, 247.5],
		[34, "U4_1", 2696.53, -3016.36, "B", "SMD", "$1N402", "", "O", 78.74, 55.12, 0, 337.5],
		[35, "U4_2", 3643.5, -3408.61, "B", "SMD", "VIN", "", "O", 78.74, 55.12, 0, 337.5],
		[36, "U5_1", 2705.35, -2542.87, "B", "SMD", "$1N798", "", "O", 78.74, 55.12, 0, 22.5],
		[37, "U5_2", 3652.33, -2150.62, "B", "SMD", "VIN", "", "O", 78.74, 55.12, 0, 22.5],
		[38, "U6_1", 2348.08, -3366.35, "B", "SMD", "$1N795", "", "O", 78.74, 55.12, 0, 295.5],
		[39, "U6_2", 2789.35, -4291.5, "B", "SMD", "VIN", "", "O", 78.74, 55.12, 0, 295.5],
		[40, "U7_1", 1891.92, -2168.65, "B", "SMD", "$1N792", "", "O", 78.74, 55.12, 0, 115.5],
		[41, "U7_2", 1450.65, -1243.5, "B", "SMD", "VIN", "", "O", 78.74, 55.12, 0, 115.5],
		[42, "U8_1", 1509.65, -3017.13, "B", "SMD", "$1N789", "", "O", 78.74, 55.12, 0, 202.5],
		[43, "U8_2", 562.67, -3409.38, "B", "SMD", "VIN", "", "O", 78.74, 55.12, 0, 202.5],
		[44, "U9_1", 1513.47, -2518.64, "B", "SMD", "$1N786", "", "O", 78.74, 55.12, 0, 157.5],
		[45, "U9_2", 566.5, -2126.39, "B", "SMD", "VIN", "", "O", 78.74, 55.12, 0, 157.5],
		[46, "PAD1_1", 2295, -2495, "B", "SMD", "VIN", "", "C", 118.11, 118.11, 0, 0],
		[47, "PAD2_7", 1975, -2495, "B", "SMD", "GND", "GND", "C", 118.11, 118.11, 0, 0]
	]
}
}